"Site Qs: PrinceSS, Blade",,,10.58,107,,,,,,,Gem PAX FNG Dashboard,,,Gem Q Counts,,,Gem Pax Counts (thru 4/16/22),,2896
Day,Date,Q ,Count,FNGs,Pax,Notes,Month,Year,,#,Gem PAX,Sponsor,,Name,Q Count,,Name,Post Count,
Tuesday,1/5/2021,Tater,5,1,"BumpHer, Slice, Quid, Tater, Freighter","Launch, Freighter FNG",1,2021,,1,Freighter,Slice,,Tater,33,,Freighter,205,
Thursday,1/7/2021,Tater,6,1,"BumpHer, Slice, Quid, Tater, Freighter, Picabo",Picabo FNG,1,2021,,2,Picabo,Bumpher,,Slice,32,,Slice,178,
Saturday,1/9/2021,Tater,7,0,"Lilo, Slice, BumpHer, Tater, Freighter, Daft, Punk",,1,2021,,3,Cochran,Tater,,Freighter,20,,Tater,128,
Tuesday,1/12/2021,Slice,4,,"Slice, BumpHer, Freighter, Picabo",Slice impromptu VQ!!!,1,2021,,4,Cricket,Bumpher,,PrinceSS,16,,Paneer,138,
Thursday,1/14/2021,Tater,4,,"Tater, Slice, Freighter, Quid",,1,2021,,5,Paneer,Slice,,Paneer,15,,Blade,104,
Saturday,1/16/2021,Tater,7,1,"Punk, Daft, Slice, Freighter, BumpHer, Tater, Cochran ",Cochran FNG,1,2021,,6,Mantle,Tater,,Retina,14,,Retina,90,
Tuesday,1/19/2021,Tater,7,1,"Quid, BumpHer, Freighter, Tater, Slice, Sawdust (DR), Cricket",Cricket FNG,1,2021,,7,Laettner,Lilo,,Huckleberry,9,,Canuck,81,
Thursday,1/21/2021,Tater,5,1,"Tater, Cricket, Freighter, Slice, Paneer",Paneer FNG,1,2021,,8,Longhorn,Slice,,Samwise,10,,Carnival,76,
Saturday,1/23/2021,Tater,11,,"Punk, Cochran, Llama (DR), Pastel, BumpHer, Daft, Picabo, Freighter, Slice, Paneer, Tater",,1,2021,,9,Maraca,Longhorn,,Lilo,10,,Huckleberry,77,
Tuesday,1/26/2021,Tater,5,,"Paneer, Freighter, Slice, Tater, BumpHer",,1,2021,,10,Repo,Mantle,,Blade,10,,Samwise,77,
Thursday,1/28/2021,Tater,5,,"Paneer, Freighter, Slice, Tater, BumpHer",,1,2021,,11,Cubed,Freighter,,Mantle,7,,PrinceSS,69,
Saturday,1/30/2021,Tater,8,,"Lilo, Paneer, Cochran, Daft, Slice, Tater, Freighter, Pastel",Pastel birthday celebration,1,2021,,12,Handy Manny,Cycle Bar,,Arson,7,,Arson,67,
Tuesday,2/2/2021,Slice,3,,"Tater, Freighter, Slice",,2,2021,,13,Popeye,Red Ryder,,Zit,11,,Grout,66,
Thursday,2/4/2021,Tater,6,1,"Tater, Freighter, Slice, Paneer, Lilo, Mantle",Mantle FNG,2,2021,,14,Stallion,Red Ryder,,Canuck,5,,Mantle,55,
Saturday,2/6/2021,Slice,8,1,"Tater, Freighter, Slice, Paneer, Lilo, Daft, Punk, Laettner",Laettner FNG,2,2021,,15,Big Sky,KingPin,,Daft,4,,Lilo,54,
Tuesday,2/9/2021,Tater,6,1,"Tater, Freighter, Slice, Paneer, Mantle, Longhorn",Longhorn FNG,2,2021,,16,Jack Hammer,Cycle Bar,,Carnival,4,,Watts,62,
Thursday,2/11/2021,Tater,5,,"Tater, Freighter, Slice, Paneer, Mantle",Tater Freighter Co-Q,2,2021,,17,Mijo,Organic,,Grout,3,,Repo,46,
Saturday,2/13/2021,Freighter,6,,"Tater, Freighter, Slice, Paneer, Lilo, Daft ",Freighter VQ!!!!,2,2021,,18,Arson,Repo ,,Repo,3,,Gas Man,57,
Tuesday,2/16/2021,Slice,4,,"Tater, Freighter, Slice, Longhorn",,2,2021,,19,Bandsaw,Huckleberry,,BumpHer,4,,Daft,52,
Thursday,2/18/2021,Slice,6,,"Tater, Freighter, Slice, Paneer, Longhorn, Mantle",Slice Paneer Co-Q,2,2021,,20,Hostage,Huckleberry (Flea Fly),,Trauma,3,,Bumpher,55,
Saturday,2/20/2021,Paneer,7,,"Tater, Freighter, Slice, Paneer, Longhorn, Mantle, Daft, Punk",Paneer VQ!!!!!,2,2021,,21,Flea Fly,Huckleberry,,Gopher,3,,Zit,47,
Tuesday,2/23/2021,Tater,7,1,"Tater, Freighter, Slice, Daft, Longhorn, Mantle, Maraca",Maraca FNG,2,2021,,22,Runt,Mijo,,Watts,4,,Trauma,37,
Thursday,2/25/2021,Slice,7,,"Tater, Freighter, Slice, Longhorn, Mantle, Paneer, Maraca",,2,2021,,23,Canuck,Huckleberry,,Flea Fly,4,,Hooch,49,
Saturday,2/27/2021,Freighter,7,1,"Freighter, Slice, Paneer, Mantle, Maraca, Repo, Lilo",Repo FNG,2,2021,,24,Hostage,Flea Fly,,Halitosis,4,,Rocketman,43,
Tuesday,3/2/2021,Slice,6,,"Slice, Freighter, Tater, Mantle, Maraca, Repo",,3,2021,,25,Runt,Mijo,,Metamucil,3,,Gopher,32,
Thursday,3/4/2021,Tater,9,,"Tater, Lilo, Slice, Freighter, Paneer, Maraca, Longhorn, Repo, Mantle",Tater and Lilo Co-Q!,3,2021,,26,Canuck,Huckleberry,,Crunch,4,,Stinger,37,
Saturday,3/6/2021,Daft,11,1,"Daft, Tater, Freighter, Slice, Mantle, Repo, Laettner, Paneer, Punk, Lilo, Cubed",Daft VQ! Cubed FNG,3,2021,,27,Barbie,Huckleberry,,Focker,6,,Halitosis,32,
Tuesday,3/9/2021,Tater,7,,"Tater, Freighter, Slice, Mantle, Repo, Longhorn, Paneer",Biggie Smalls Theme,3,2021,,28,Kenny G,Huckleberry,,Old Spice,2,,Flea Fly,30,
Thursday,3/11/2021,Slice,7,,"Slice, Freighter, Tater, Mantle, Repo, Paneer, Lilo",,3,2021,,29,Casper,Mijo,,Longhorn,1,,Bruno,46,
Saturday,3/13/2021,Lilo,12,,"Lilo, Freighter, Tater, Paneer, Slice, Mantle, BumpHer, Longhorn, Daft, Punk, Laettner, Cycle Bar",Lilo VQ!,3,2021,,30,Paddle,Tater,,MarkyMark (DR),1,,Focker,32,
Tuesday,3/16/2021,Slice,6,,"Slice, Paneer, Freighter, Lilo, Tater, Longhorn",Tater HIM Theme BD,3,2021,,31,Retina,Tater,,LOL (DR),1,,Metamucil,24,
Thursday,3/18/2021,"Freighter, Paneer",7,,"Paneer, Freighter, Slice, Tater, Lilo, Mantle, Cycle Bar",Paneer/Freighter Co-Q,3,2021,,32,Alien,Huckleberry,,Red Elephant,1,,Doppler,26,
Saturday,3/20/2021,"Slice, Mantle",11,1,"Slice, Mantle, Freighter, Tater, Paneer, Lilo, Cycle Bar, Daft, Punk, BumpHer, Handy Manny",Slice/Mantle Co-Q/Handy Manny FNG,3,2021,,33,Grout,Freighter,,Rabbit,1,,Donatello,36,
Tuesday,3/23/2021,Tater,5,,"Tater, Freighter, Paneer, Mantle, Repo",,3,2021,,34,Peloton,Tater,,Squid,1,,Longhorn,22,
Thursday,3/25/2021,Tater,6,1,"Tater, Freighter, Paneer, Mantle, Cycle Bar, JackHammer",JackHammer FNG,3,2021,,35,Trauma,Freighter,,Big Sky,1,,Boogeyman,22,
Saturday,3/27/2021,Paneer,13,2,"Paneer, Tater, Mantle, Freighter, Repo, Jack Hammer, Cycle Bar, Daft, Popeye (DR), Red Ryder (DR), Quid, BumpHer, Stallion",2 FNGs! (Popeye and Stallion),3,2021,,36,Gopher,Huckleberry,,Stinger,1,,Wooderson,34,
Tuesday,3/30/2021,Tater,9,1,"Tater, Slice, Freighter, Paneer, Longhorn, Mantle, Repo, KingPin (DR), Big Sky",Big Sky FNG!,3,2021,,37,Sal,Paneer,,Boogeyman,0,,Squid,21,
Thursday,4/1/2021,Freighter,8,1,"Freighter, Slice, Paneer, Mantle, Repo, Jack Hammer, Tater, Mijo",Start of the FNG Challenge! 1 FNG Mijo!,4,2021,,38,Ahi,Freighter,,Wax Off,1,,Old Spice,20,
Saturday,4/3/2021,Daft,15,2,"Daft, Punk, Tater, Freighter, Big Sky, Llama (DR), Longhorn, Mijo, Slice, Paneer, Repo, Huckleberry, Cricket, Arson, Bandsaw","Arson (FNG), Bandsaw (FNG)",4,2021,,39,Gandhi,F3 Seattle,,Doppler,1,,Red Elephant,22,
Tuesday,4/6/2021,Slice,9,,"Slice, Freighter, Tater, Paneeer, Jack Hammer, Mijo, Mantle, Repo, Arson",Freighter's 50th Post,4,2021,,40,Sriracha,Canuck,,Hooch,3,,Ramsay,21,
Thursday,4/8/2021,"Slice, Freighter, Paneer",7,,"Slice, Freighter, Paneer, Mantle, Repo, Arson, Mijo",3 Headed Monster Q,4,2021,,41,Slater,Canuck,,Wooderson,5,,Sand Trap,22,
Saturday,4/10/2021,Mantle,18,4,"Mantle, Repo, Arson, Freighter, Tater, Paneer, Slice, Longhorn, Maracas, Huckleberry, Bandsaw, Daft, Big Sky, Mijo, Runt, Hostage, Canuck, Flea Fly","Mantle VQ! 18 Pax! 4 FNGs! Runt (FNG) Hostage (FNG), Canuck (FNG), Flea Fly (FNG)",4,2021,,42,Pele,Freighter,,Gas Man,5,,Punk,19,
Tuesday,4/13/2021,Paneer,9,,"Paneer, Cycle Bar, Freighter, Slice, Mijo, Mantle, Arson, Repo, Maraca",,4,2021,,43,Shameless,Depends (GR),,Sand Trap,2,,Big Sky,16,
Thursday,4/15/2021,"Repo, Mantle",8,,"Repo, Mantle, Tater, Paneer, Maraca, Slice, Arson, Freighter",Repo/Mantle Co-Q!,4,2021,,44,Tweeter,Arson,,Fanny Pack,1,,Lawsuit,15,
Saturday,4/17/2021,Longhorn,12,2,"Longhorn, Tater, Bandsaw, Barbie, Kenny G, Slice, Freighter, Maracas, Mantle, Mijo, Paneer, Huckleberry","Longhorn VQ BQ! Barbie (FNG), Kenny G (FNG)",4,2021,,45,Filter,Arson,,Stitches,1,,Mijo,12,
Tuesday,4/20/2021,Slice,11,1,"Slice, Huckleberry, Maraca, Mantle, Tater, Repo, Paneer, Freighter, Mijo, Arson, Casper",Casper FNG!,4,2021,,46,Metamucil,88 (DR - Gold Rush),,Chubbs,1,,Cycle Bar,12,
Thursday,4/22/2021,Repo ,11,2,"Repo, Arson, Tater, Mantle, Slice, Paneer, Huckleberry, Freighter, Maraca, Paddle, Retina","Repo VQ + 2 FNGs! Paddle (FNG), Retina (FNG)",4,2021,,47,Earhart,Lilo,,,,,Maraca,11,
Saturday,4/24/2021,Tater,18,3,"Tater, Repo, Mijo, Barbie, Slice, Retina, Arson, Big Sky, Canuck, Bandsaw, Alien, Kenny G, Paneer, Daft, Freighter, Grout, Huckleberry, Peloton","3 FNGs! Alien, Grout, Peloton",4,2021,,48,Fireball,,,,,,Chubbs,20,
Tuesday,4/27/2021,Mantle,12,,"Tater, Grout, Longhorn, Slice, Retina, Huckleberry, Freighter, Mijo, Repo, Arson, Paneer",,4,2021,,49,Carnival,Blade,,,,,Sriracha,10,
Thursday,4/29/2021,Arson,12,1,"Arson, Big Sky, Freighter, Grout, Longhorn, Mantle, Mijo, Paneer, Repo, Slice, Tater, Trauma",Arson VQ! + FNG Trauma,4,2021,,50,Hubble,,,,,,Chunks,10,
Saturday,5/1/2021,Paneer,10,1,"Paneer, Huckleberry, Canuck, Grout, Slice, Punk, Daft, Mantle, Mijo, Gopher",Gopher FNG,5,2021,,51,Tinkle,,,,,,Scalp,11,
Tuesday,5/4/2021,Huckleberry,15,1,"Huckleberry, Tater, Trauma, Retina, Doughboy, Repo, Arson, Paneer, Slice, Freighter, Marca, Mantle, Grout, Longhorn, Canuck",FNG Doughboy! Huckleberry first F3 Boise Q,5,2021,,52,Samwise,Paneer,,,,,Hightower,9,
Thursday,5/6/2021,Repo,11,,"Repo, Grout, Trauma, Retina, Paneer, Freighter, Slice, Mantle, Huckleberry, Tater, Arson",,5,2021,,53,Goat,,,,,,Shameless,9,
Saturday,5/8/2021,Slice,17,2,"Slice, Freighter, Tater, Flea Fly, Huckleberry, Daft, Grout, Paneer, Barbie, Bandsaw, Retina, Sal, Gopher, Repo, Ahi, Arson, Canuck",2 FNGs! (Sal and Ahi),5,2021,,54,Sockeye,Canuck,,,,,Crunch,9,
Tuesday,5/11/2021,Freighter,11,,"Freighter, Slice, Tater, Huckleberry, Grout, Paneer, Retina, Arson, Repo, Mantle, Longhorn",,5,2021,,55,Road Rash,PrinceSS,,,,,Yankee,9,
Thursday,5/13/2021,Mantle,9,,"Mantle, Freighter, Paneer, Retina, Repo, Grout, Huckleberry, Tater, Slice",,5,2021,,56,Pigeon,,,,,,Classified,8,
Saturday,5/15/2021,Tater,11,1,"Tater, Freighter, Slice, Paneer, Alien, Gopher, Daft, Punk, Huckleberry, Red Elephant (DR), Gronk","SolekIDs Event BD, Gronk FNG",5,2021,,57,Picasso,,,,,,Kenny G,7,
Tuesday,5/18/2021,Tater,6,,"Tater, Slice, Freighter, Grout, Mantle, Huckleberry",Hold Breath BD,5,2021,,58,Sun Devil ,PrinceSS,,,,,Gandhi,7,
Thursday,5/20/2021,Mantle,7,,"Mantle, Slice, Freighter, Huckleberry, Paneer, Repo, Tater",,5,2021,,59,Judge (R),Lemon (DR),,,,,Gavel,7,
Saturday,5/22/2021,"Freighter, Paneer",8,,"Freighter, Paneer, Tater, Arson, Mantle, Canuck, Kenny G, Daft",First Rain BD,5,2021,,60,Squid,Canuck,,,,,Norsk,7,
Tuesday,5/25/2021,Huckleberry,4,,"Huckleberry, Freighter, Arson, Tater",,5,2021,,61,Geico,Canuck,,,,,Ragged T'Ann,6,
Thursday,5/27/2021,Tater,10,,"Tater, Alien, Retina, Huckleberry, Slice, Grout, Paneer, Freighter, Arson, Repo",SFC Will Lindsay Tribute Day 1,5,2021,,62,Old Spice,Canuck,,,,,Norsk,7,
Saturday,5/29/2021,Freighter,10,1,"Freighter, Slice, Paneer, Arson, Tater, Daft, Punk, Kenny G, Canuck, Gandhi",Gandhi FNG!,5,2021,,63,Beans,,,,,,Puck,6,
Tuesday,6/1/2021,Daft,9,,"Daft, Slice, Huckleberry, Tater, Cycle Bar, Arson, Alien, Repo, Freighter",,6,2021,,64,Slug Bug,Canuck,,,,,Bandsaw,6,
Thursday,6/3/2021,Slice,13,,"Slice, Freighter, Paneer, Grout, Retina, Arson, Cycle Bar, Gandhi, Longhorn, Trauma, Tater, Mantle, Huckleberry",Freighter 100th Post!!!,6,2021,,65,Sideline,,,,,,Spud,6,
Saturday,6/5/2021,"Tater, Paneer",13,,"Tater, Paneer, Gandhi, Freighter, Lilo, Slice, Repo, Mantle, Arson, Retina, Longhorn, Canuck, Couch Potato",Lilo's back! Couch Potato's first F3 Boise post,6,2021,,66,Flash,Scrappy,,,,,Fireball,5,
Tuesday,6/8/2021,Mantle,7,,"Mantle, Freighter, Slice, Arson, Grout, Canuck, Tater",,6,2021,,67,Zit,Blade,,,,,Alien,5,
Thursday,6/10/2021,Huckleberry,9,,"Huckleberry, Retina, Slice, Grout, Paneer, Tater, Gopher, Freighter, Lilo",RAINY RUN,6,2021,,68,Joanna,,,,,,Royce,5,
Saturday,6/12/2021,Canuck,11,,"Canuck, Arson, Grout, Paneer, Kenny G, Tater, Flea Fly, Couch Potato, Huckleberry, Retina, Freighter",Canuck VQ!!! Slice 100th Post,6,2021,,69,Gas Man,,,,,,Bullseye,5,
Tuesday,6/15/2021,Retina,10,,"Retina, Mantle, Arson, Canuck, Slice, Repo, Huckleberry, Grout, Flea Fly, Tater",Climbing Rope Q,6,2021,,70,Doppler,Huckleberry,,,,,Scrappy,5,
Thursday,6/17/2021,Canuck,8,,"Canuck, Tater, Slice, Cycle Bar, Mantle, Gandhi, Paneer, Grout",,6,2021,,71,Tbone,Watts,,,,,Rabbit,5,
Saturday,6/19/2021,Slice,12,3,"Slice, Lilo, Gandhi, Grout, Sriracha, Canuck, Freighter, Pele, Slater, Paneer, Cycle Bar, Paneer","3 FNGs!!!! Sriracha, Pele, Slater",6,2021,,72,Westside,Tater,,,,,Quid,5,
Tuesday,6/22/2021,Retina,7,,"Retina, Canuck, Daft, Punk, Freighter, Sriracha, Grout",,6,2021,,73,Ditch Witch,Lilo,,,,,Yardstick,11,
Thursday,6/24/2021,Lilo,11,,"Lilo, Tater, Paneer, Sriracha, Retina, Repo, Grout, Slice, Freighter, Gandhi, Canuck",,6,2021,,74,Murse,Big Sky,,,,,Bacon,6,
Saturday,6/26/2021,Grout,16,,"Grout, Paneer, Sriracha, Retina, Slice, Freighter, Canuck, Daft, Punk, Mantle, Red Elephant, Big Sky, Lilo, Trauma, Gopher, Flea Fly",Grout VQ! ,6,2021,,75,Flatbed,,,,,,EPA,5,
Tuesday,6/29/2021,Daft,10,,"Daft, Punk, Slice, Huckleberry, Tater, Red Elephant, Arson, Gopher, Retina, Freighter",,6,2021,,76,Gadget,,,,,,Slater,4,
Thursday,7/1/2021,Paneer,5,,"Paneer, Freighter, Slice, Lilo, Arson",,7,2021,,77,Ragged T'Ann,,,,,,Slug Bug,4,
Saturday,7/3/2021,Freighter,11,1,"Freighter, Slice, Tater, Paneer, Repo, Arson, Canuck, Lilo, Big Sky, Kingpin (DR), Goat (FNG)",FNG Goat!,7,2021,,78,Revere,Huckleberry,,,,,Laettner,4,
Tuesday,7/6/2021,Slice,7,,"Slice, Freighter, Grout, Retina, Arson, Tater, Daft",,7,2021,,79,Stinger,Canuck,,,,,Cochran,3,
Thursday,7/8/2021,Lilo,8,,"Lilo, Freighter, Grout, Markymark (DR), Slice, Paneer, Tater, Sriracha",,7,2021,,80,Classified,High Tower,,,,,Cricket,3,
Saturday,7/10/2021,"Markymark (DR), LOL (DR)",19,2,"Markymark (DR), LOL (DR), Grout, Retina, Arson, Tater, Daft, Punk, Bandsaw, Repo, Big Sky, Trauma, Blade, Tweeter, Filter, Mantle, Lilo, Huckleberry, Slice","Gold Rush DR CoQ, Tweeter FNG, Filter FNG!",7,2021,,81,Cheapskate,,,,,,Doughboy,3,
Tuesday,7/13/2021,Tater,13,1,"Freighter, Huckleberry, Mantle, Arson, Grout, Canuck, Slice, Metamucil, Tater, Retina, Slater, Shameless, Depends (DR)","FNG Shameless; Depends (DR-GR), Metamucil 1st Post",7,2021,,82,Lawsuit,,,,,,Picabo,3,
Thursday,7/15/2021,Grout,13,,"Grout, Paneer, Arson, Canuck, Lilo, Hombre (DR), Sriracha, Hollywood (DR), Slice, Mantle, Freighter, Flea Fly, Tater",2 DRs! F3Cherokee 74,7,2021,,83,Yankee,,,,,,Geico,3,
Saturday,7/17/2021,Huckleberry,13,,"Huckleberry, Paneer, Canuck, Lilo, Sriracha, Slice, Freighter, Grout, Repo, Doughboy, Blade, Slater, Bumpher",,7,2021,,84,Scrooge,,,,,,Filter,3,
Tuesday,7/20/2021,Slice,11,,"Slice, Grout, Retina, Tater, Daft, Punk, Lilo, Huckleberry, Metamucil, Canuck, Freighter",,7,2021,,85,Silo,,,,,,Barbie,3,
Thursday,7/22/2021,Paneer,15,1,"Paneer, Freighter, Slice, Mantle, Tater, Shameless, Sriracha, BumpHer, Metamucil, Grout, Lilo, Canuck, Huckleberry, Retina, Earhart",Earhart FNG!!!!,7,2021,,86,Bruin,,,,,,Tbone,4,
Saturday,7/24/2021,Retina,20,2,"Retina, Trauma, Paneer, Grout, Daft, Freighter, Fireball, Blade, Shameless, Huckleberry, Tater, Carnival, Gopher, Alien, Flea Fly, Halitosis, Canuck, BumpHer, Doughboy, Kenny G",Largest Pax Ever!!! 2 FNGs!!!! Carnival and Fireball FNGs,7,2021,,87,Wizard,,,,,,Jack Hammer,3,
Tuesday,7/27/2021,Retina,7,,"Retina, Freighter, Grout, Huckleberry, BumpHer, Daft, Carnival",,7,2021,,88,Bruno,Flea Fly,,,,,Revere,4,
Thursday,7/29/2021,Lilo,13,2,"Lilo, Freighter, Paneer, Mantle, Trauma, Huckleberry, Flea Fly, Slater, Carnival, Canuck, Hubble, Tinkle, Beach Bum (DR)",2 FNGs! Hubble and Tinkle,7,2021,,89,Harry,,,,,,Kingpin (DR),2,
Saturday,7/31/2021,Huckleberry,11,1,"Huckleberry, Carnival, Fireball, Gopher, Retina, Samwise, Lilo, Repo, Paneer, Freighter",FNG Samwise!!!,7,2021,,90,Smelt,,,,,,Couch Potato,2,
Tuesday,8/3/2021,Slice,5,,"Slice, Grout, Huckleberry, BumpHer, PrinceSS",,8,2021,,91,Gumby,,,,,,Llama (DR),2,
Thursday,8/5/2021,"Flea Fly, Tater",14,,"Flea Fly, Tater, Canuck, Sriracha, Slice, Retina, Huckleberry, Paneer, PrinceSS, Red Elephant (DR), Grout, Gopher, BumpHer, Mantle",,8,2021,,92,Chas,Blade,,,,,Pastel,2,
Saturday,8/7/2021,Blade,19,2,"Blade, BumpHer, Samwise, Slice, PrinceSS, Canuck, Flea Fly, Chunks, Red Elephant, Longhorn, Tater, Paneer, Halitosis, Repo, Mantle, Filter, Fireball, Sockeye, Road Rash",Blade VQ! 2 FNGs! (Sockeye and Road Rash),8,2021,,93,Bacon,,,,,,Peloton,2,
Tuesday,8/10/2021,BumpHer,10,,"BumpHer, Slice, Tater, Huckleberry, Lilo, Freighter, Carnival, Canuck, Repo, PrinceSS",BumpHer VQ!,8,2021,,94,Chubby,Zit,,,,,Hollywood (DR),2,
Thursday,8/12/2021,"PrinceSS, Paneer",13,1,"PrinceSS, Paneer, Mantle, Metamucil, Canuck, Pigeon, Huckleberry, Repo, Gandhi, Tater, Carnival, Grout, Freighter",FNG Pigeon!,8,2021,,95,Tacklebox,Halitosis,,,,,Road Rash,2,
Saturday,8/14/2021,Slice,5,,"Slice, Trauma, Gopher, Filter, Carnival",Arron Butler Event Day,8,2021,,96,Clooney,Retina,,,,,Beans,2,
Tuesday,8/17/2021,Arson,10,,"Arson, Carnival, Freighter, Huckleberry, Lilo, Mantle, Metamucil, PrinceSS, Slice, Tater",Tater's 100th F3 Boise Post,8,2021,,97,Puff,Hooch,,,,,Boo Boo,2,
Thursday,8/19/2021,Flea Fly,8,,"Flea Fly, Huckleberry, PrinceSS, Retina, Freighter, Tater, Repo, Carnival",,8,2021,,98,Rudy,Bumpher,,,,,Westside,2,
Saturday,8/21/2021,PrinceSS ,21,6,"PrinceSS, Blade, Samwise, BumpHer, Kenny G, Slice, Tater, Peloton, Picasso, Sun Devil, Lemon (DR), Judge, Squid, Lilo, Canuck, Geico, Carnival, Huckleberry, Old Spice, Big Sky, Halitosis","6 FNGs!!! Picasso, Sun Devil, Judge, Squid, Geico, Old Spice, New Record turnout!!!",8,2021,,99,Copycat,Bruno,,,,,Markymark (DR),2,
Tuesday,8/24/2021,BumpHer,15,,"BumpHer, Freighter, Huckleberry, PrinceSS, Tater, Samwise, Metamucil, Slice, Grout, Canuck, Squid, Trauma, Carnival, Retina, Old Spice",BumpHer BQ!!,8,2021,,,,,,,,,Boo Boo,2,
Thursday,8/26/2021,Retina,17,,"Retina, Slice, Paneer, PrinceSS, Huckleberry, Tater, Spud, Metamucil, BumpHer, Grout, Carnival, Squid, Canuck, Sun Devil, Repo, Trauma, Shameless",New Weekday Record Turnout!!,8,2021,,,,,,,,,Sun Devil,2,
Saturday,8/28/2021,Lilo,21,3,"Lilo, Huckleberry, Tater, PrinceSS, Paneer, Samwise, Geico, Flea Fly, Carnival, Canuck, Squid, Longhorn, Grout, Gopher, Blade, Sriracha, Chunks, Halitosis, Beans, Slug bug, Sideline","3 FNGs! Beans, Slug bug, Sideline",8,2021,,,,,,,,,Popeye (DR),1,
Tuesday,8/31/2021,PrinceSS,11,,"PrinceSS, Carnival, Tater, Freighter, Metamucil, Scum Devil, Spud, Slice, Trauma, Squid, Canuck",,8,2021,,,,,,,,,Stallion,1,
Thursday,9/2/2021,"Metamucil, Freighter",13,,"Metamucil, Freighter, Slice, Tater, Carnival, Paneer, Spud, Scum Devil, Canuck, Squid, Trauma, PrinceSS, Old Spice",,9,2021,,,,,,,,,Hostage,1,
Saturday,9/4/2021,Freighter,19,1,"Freighter, Scat, PrinceSS, Carnival, Blade, Tater, Paneer, Lilo, Samwise, Retina, Canuck, BumpHer, Slug Bug, Squid, Beans, Fireball, Chunks, Geico, Huckleberry",FNG Scat,9,2021,,,,,,,,,Runt,1,
Tuesday,9/7/2021,Huckleberry,10,,"Huckleberry, Tater, Old Spice, Samwise, PrinceSS, Trauma, Squid, Retina, Slug Bug, Carnival, Road Rash",,9,2021,,,,,,,,,Casper,1,
Thursday,9/9/2021,BumpHer,7,,"BumpHer, Tater, Carnival, PrinceSS, Samwise, Slice, Huckleberry",,9,2021,,,,,,,,,Paddle,1,
Saturday,9/11/2021,Slice,19,2,"Slice, Carnival, Blade, Gopher, Huckleberry, Fireball, BumpHer, Old Spice, Lilo, Screech, Halitosis, Samwise, Doppler, Paneer, Flea Fly, Canuck, Tater, Trauma, Royce",2 FNGs! Screech & Royce,9,2021,,,,,,,,,Sal,1,
Tuesday,9/14/2021,Canuck,9,,"Canuck, Carnival, Huckleberry, Samwise, Tater, PrinceSS, Slice, Red Elephant, Slug Bug",,9,2021,,,,,,,,,Ahi,1,
Thursday,9/16/2021,"Old Spice, PrinceSS",8,,"Old Spice, PrinceSS, Paneer, Slice, Carnival, Red Elephant, Blade, Tater",Old Spice CoQ!,9,2021,,,,,,,,,Depends (DR),1,
Saturday,9/18/2021,Paneer,13,,"Paneer, Freighter, Flea Fly, Tater, Old Spice, Gopher, Trauma, Carnival, PrinceSS, Blade, Arson, Huckleberry, Slice",IPC Week 2,9,2021,,,,,,,,,Tweeter,1,
Tuesday,9/21/2021,Halitosis,12,,"Halitosis, Slice, Freighter, Carnival, Blade, Tater, Arson, Trailer Park (DR), PrinceSS, Canuck, Samwise, Royce",Halitosis VQ!,9,2021,,,,,,,,,LOL (DR),1,
Thursday,9/23/2021,Arson,15,,"Arson, Blade, Canuck, Carnival, Cycle Bar, Freighter, Grout, Huckleberry, Metamucil, Paneer, Slice, Retina, Samwise, PrinceSS, Tater",,9,2021,,,,,,,,,Hombre (DR),1,
Saturday,9/25/2021,Retina,20,1,"Retina, Royce, Gopher, Samwise, Halitosis, Blade, Paneer, Slice, Freighter, Old Spice, Canuck, Grout, Doppler, Belding, PrinceSS, Carnival, Trauma, Tater, Huckleberry, Lilo",Belding FNG,9,2021,,,,,,,,,Earhart,1,
Tuesday,9/28/2021,Tater,11,,"Tater, Canuck, PrinceSS, Freighter, Huckleberry, Gopher, Carnival, Retina, Flea Fly, Metamucil, Doppler",,9,2021,,,,,,,,,Hubble,1,
Thursday,9/30/2021,"Samwise, Paneer",10,,"Samwise, Paneer, Slice, Freighter, Huckleberry, Tater, Carnival, Metamucil, PrinceSS, Canuck",Samwise CoQ!,9,2021,,,,,,,,,Tinkle,1,
Saturday,10/2/2021,PrinceSS,14,,"PrinceSS, Grout, Doppler, Halitosis, Carnival, Shameless, Gopher, Slice, Samwise, Old Spice, Retina, Freighter, Tater, Canuck",,10,2021,,,,,,,,,Beach Bum (DR),1,
Tuesday,10/5/2021,Slice,13,,"Slice, Carnival, Grout, Huckleberry, Lilo, Shameless, Retina, Samwise, Freighter, PrinceSS, Canuck, Tater, Trauma",,10,2021,,,,,,,,,Sockeye,1,
Thursday,10/7/2021,Red Elephant,13,,"Red Elephant, Huckleberry, Blade, Carnival, Freighter, Samwise, Paneer, Old Spice, Lilo, Trauma, Slice, PrinceSS, Canuck",,10,2021,,,,,,,,,Pigeon,5,
Saturday,10/9/2021,Freighter,20,,"Freighter, Grout, Lilo, Retina, PrinceSS, Canuck, Trauma, Slice, Blade, Bambino (DR), Samwise, Doppler, Rabbit, Halitosis, Gopher, Paneer, Scalp, Boogeyman, Royce, Horry (DR), ",,10,2021,,,,,,,,,Picasso,1,
Tuesday,10/12/2021,Blade,10,2,"Blade, PrinceSS, Slice, Freighter, Carnival, Metamucil, Spud, Shameless, Puck, Bullseye","2 FNGs!!! (Puck, Bullseye)",10,2021,,,,,,,,,Lemon (DR),1,
Thursday,10/14/2021,Old Spice ,11,,"Old Spice, Halitosis, Blade, PrinceSS, Bullseye, Shameless, Paneer, Puck, Carnival, Freighter, Slice",Old Spice VQ,10,2021,,,,,,,,,Judge,1,
Saturday,10/16/2021,"Samwise, Slice",15,1,"Slice, Gopher, Paneer, Trauma, Halitosis, Carnival, Watts, Freighter, Blade, Doppler, Punk, Daft, Grout, Scalp, Samwise","Slice Pinch Hit Q, Watts (FNG)",10,2021,,,,,,,,,Sideline,1,
Tuesday,10/19/2021,PrinceSS,10,,"PrinceSS, Freighter, Blade, Bullseye, Shameless, Grout, Spud, Scrappy, Boogeyman, Squid",FNG Scrappy,10,2021,,,,,,,,,Scat,1,
Thursday,10/21/2021,Grout,9,,"Grout, Trauma, Freighter, Paneer, Scrappy, Metamucil, Bullseye, PrinceSS, Spud",,10,2021,,,,,,,,,Screech,1,
Saturday,10/23/2021,Trauma,9,,"Trauma, Carnival, PrinceSS, Freighter, Samwise, Chunks, Lilo, Slice, Paneer",,10,2021,,,,,,,,,Trailer Park (DR),1,
Tuesday,10/26/2021,PrinceSS,12,,"PrinceSS, Metamucil, Carnival, Scrappy, Red Elephant, Canuck, Tater, Bullseye, Slice, Freighter, Blade, Retina",Retina Speedo workout,10,2021,,,,,,,,,Belding,1,
Thursday,10/28/2021,Lilo,10,,"Lilo, Scrappy, Freighter, Slice, Paneer, Huckleberry, Carnival, Squid, PrinceSS, BumpHer, Red Elephant",,10,2021,,,,,,,,,Bambino (DR),1,
Saturday,10/30/2021,Carnival,10,,"Carnival, Slice, Halitosis, Freighter, Watts, Samwise, Doppler, PrinceSS, Blade, Paneer",,10,2021,,,,,,,,,Horry (DR),1,
Tuesday,11/2/2021,Slice,8,,"Slice, Rabbit, Squid, PrinceSS, Halitosis, Carnival, Freighter, Blade",,11,2021,,,,,,,,,Flash,1,
Thursday,11/4/2021,Retina,10,1,"Retina, Slice, Carnival, Freighter, Paneer, Blade, Scrappy, Flash, Arson, Canuck",Flash FNG,11,2021,,,,,,,,,Joanna,1,
Saturday,11/6/2021,Halitosis ,10,,"Halitosis, Freighter, Slice, Rabbit, Hollywood (DR), Doppler, Watts, Blade, Paneer, Huckleberry",SolekIDs Event at Hawks Stadium,11,2021,,,,,,,,,Roblox (DR),1,
Tuesday,11/9/2021,Rabbit,9,,"Rabbit, Slice, Freighter, Carnival, Blade, Red Elephant, Metamucil, Old Spice, Squid",,11,2021,,,,,,,,,Pele,2,
Thursday,11/11/2021,Metamucil ,9,,"Metamucil, Paneer, Red Elephant, Squid, Gopher, Samwise, Slice, Freighter, Carnival",Red Elephants 100th F3 Post,11,2021,,,,,,,,,Goat,1,
Saturday,11/13/2021,Carnival,10,,"Carnival, BumpHer, Punk, Daft, Blade, Doppler, Repo, Tater, Watts, Boogeyman",,11,2021,,,,,,,,,XBox,1,
Tuesday,11/16/2021,PrinceSS,7,,"PrinceSS, Squid, Blade, Samwise, Old Spice, Carnival, Slice",,11,2021,,,,,,,,,Ditch Witch,1,
Thursday,11/18/2021,Samwise,7,,"Samwise, Freighter, Slice, Arson, Carnival, Blade, PrinceSS",,11,2021,,,,,,,,,Murse,2,
Saturday,11/20/2021,Freighter,15,,"Freighter, Slice, Carnival, Blade, Halitosis, Retina, Arson, Samwise, Watts, PrinceSS, Tater, Boogeyman, Huckleberry, Royce, Canuck",,11,2021,,,,,,,,,Insider,1,
Tuesday,11/23/2021,Blade,5,,"Blade, PrinceSS, Zit, Puck, Slice",FNG Zit,11,2021,,,,,,,,,Gadget,1,
Thursday,11/25/2021,PrinceSS,4,,"PrinceSS, Old Spice, Blade, Zit",,11,2021,,,,,,,,,Flatbed,1,
Saturday,11/27/2021,Tater,7,,"Tater, Freighter, Big Sky, PrinceSS, Blade, Halitosis, King Pin (DR)",,11,2021,,,,,,,,,Seagal,3,
Tuesday,11/30/2021,PrinceSS,7,,"PrinceSS, Zit, Carnival, Freighter, Slice, Arson, Blade",,11,2021,,,,,,,,,Sawdust (DR),1,
Thursday,12/2/2021,Samwise,9,,"Samwise, Puck, Zit, Carnival, Paneer, Freighter, PrinceSS, Trauma, Slice",,12,2021,,,,,,,,,Pigskin,1,
Saturday,12/4/2021,"Freighter, Paneer, Slice",13,,"Freighter, Paneer, Slice, Carnival, Puck, Doppler, Watts, Samwise, Canuck, Gopher, Halitosis, Zit, Huckleberry",,12,2021,,,,,,,,,Cubed,1,
Tuesday,12/7/2021,Huckleberry,7,,"Huckleberry, Freighter, Carnival, PrinceSS, Zit, Squid, Crunch",,12,2021,,,,,,,,,Handy Manny,1,
Thursday,12/9/2021,"Squid, PrinceSS",13,,"Squid, PrinceSS, Boogeyman, Red Elephant, Canuck, Paneer, Freighter, Slice, Carnival, BumpHer, Puck, Samwise, Rabbit",,12,2021,,,,,,,,,Stitches,3,
Saturday,12/11/2021,Canuck,26,2,"Canuck, Huckleberry, Lilo, Gopher, Zit, Doppler, Flea Fly, Boogeyman, Arson, Tater, Watts, BumpHer, Freighter, Rocketman, Chunks, Halitosis, Slice, PrinceSS, Paneer, Big Sky, Blade, Carnival, Repo, Joanna, Gas Man, Daft",Tater received hatchet due back in August,12,2021,,,,,,,,,Stewie,1,
Tuesday,12/14/2021,Samwise,13,,"Samwise, Slice, Freighter, Carnival, Zit, Gas Man, Retina, PrinceSS, Metamucil, Blade, Arson, Repo, Crunch","2 FNG's Joanna, Gas Man",12,2021,,,,,,,,,Chlorine,2,
Thursday,12/16/2021,Trauma,11,,"Trauma, Slice, Halitosis, Gas Man, Carnival, PrinceSS, Zit, BumpHer, Arson, Freighter, Paneer",,12,2021,,,,,,,,,Seeker,2,
Saturday,12/18/2021,Lilo,18,,"Lilo, Tater, Freighter, Huckleberry, Paneer, Canuck, Boogeyman, Scalp, Big Sky, Carnival, PrinceSS, Trauma, Zit, Doppler, Blade, RocketMan, Gas Man, Daft ",200+ Burpees,12,2021,,,,,,,,,Cheapskate,2,
Tuesday,12/21/2021,Slice,12,,"Slice, Freighter, Tater, Metamucil, Flea Fly, BumpHer, Retina, Gas Man, Grout, Blade, Carnival, Watts",,12,2021,,,,,,,,,Wax Off,1,
Thursday,12/23/2021,"Zit, Freighter",12,,"Zit, Freighter, Blade, Carnival, Grout, Watts, Red Elephant, Roblox (DR), PrinceSS, Trauma, Paneer, Gas Man",,12,2021,,,,,,,,,Shrink,1,
Saturday,12/25/2021,CLOSED,,,,,12,2021,,,,,,,,,Fabulous,1,
Tuesday,12/28/2021,Arson,6,,"Arson, Blade, Freighter, Grout, PrinceSS, Watts",,12,2021,,,,,,,,,Pele,2,
Thursday,12/30/2021,PrinceSS,6,,"PrinceSS, Paneer, Slice, Grout, Blade, Watts",,12,2021,,,,,,,,,Juice,1,
,,,,,,,,,,,,,,,,,Scrooge,3,
Saturday,1/1/2022,Huckleberry,10,,"Lilo, Tater, Rocketman, Canuck, Hooch, Boo Boo, Blade, PrinceSS, Paneer, Huckleberry",Goose,1,2022,,,,,,,,,Silo,1,
Tuesday,1/4/2022,PrinceSS,10,1,"PrinceSS, Grout, Carnival, Freighter, Blade, Watts, Retina, Slice, Tbone, Gas Man","PrinceSS B-Day Q & 100th post, Tbone (FNG)",1,2022,,,,,,,,,Bruin,1,
Thursday,1/6/2022,Paneer,8,,"Paneer, Freighter, Slice, Zit, PrinceSS, Blade, Gas Man, Carnival",,1,2022,,,,,,,,,Wizard,1,
Saturday,1/8/2022,Tater,37,4,"Tater, Freighter, Slice, Huckleberry, Retina, Lilo, Blade, Arson, Carnival, Paneer, Canuck, Watts, Hightower, Gavel, Hooch, Gopher, Zit, Big Sky, Boo Boo, BumpHer, Chunks, Flea Fly, Crunch, Doppler, Gas Man, Halitosis, Insider, Laettner, Westside, Mantle, Old Spice, Red Elephant, Repo, Rocketman, Samwise, Squid, XBox","FNG Hightower, Westside, Gavel",1,2022,,,,,,,,,Hacksaw,3,
Tuesday,1/11/2022,PrinceSS,11,,"PrinceSS, Gavel, BumpHer, Gas Man, Freighter, Watts, Tbone, Carnival, Slice, Trauma, Zit, Ditch Witch",FNG Ditch Witch,1,2022,,,,,,,,,Chitty Chitty,2,
Thursday,1/13/2022,Gopher,16,,"Halitosis, Gopher, Slice, Freighter, Paneer, Retina, Blade, Arson, Trauma, BumpHer, Hooch, Grout, Gas Man, Canuck, Carnival, Gavel",,1,2022,,,,,,,,,Chas,0,
Saturday,1/15/2022,Zit,19,1,"Zit, Arson, Big Sky, Blade, Boogeyman, Canuck, Carnival, Freighter, Gas Man, Gavel, HighTower, Hooch, Huckleberry, Lilo, Paneer, Slice, Tater, Westside, Murse",Murse FNG,1,2022,,,,,,,,,Pool Boy,3,
Tuesday,1/18/2022,Retina,8,,"Retina, Watts, Zit, Carnival, Arson, Slice, Samwise, Freighter",,1,2022,,,,,,,,,Harry,1,
Thursday,1/20/2022,"Watts, Freighter",10,,"Watts, Freighter, Canuck, Carnival, Paneer, Samwise, Gas Man, Metamucil, Arson, Tbone",,1,2022,,,,,,,,,Rocky,2,
Saturday,1/22/2022,Carnival,18,3,"Carnival, Freighter, Trauma, Watts, Arson, Slice, Hooch, Gadget, Blade, Gas Man, Mantle, Flatbed, Rocketman, HighTower, Ragged T'Ann, Canuck, Doppler, Samwise",,1,2022,,,,,,,,,Papa,2,
Tuesday,1/25/2022,Samwise,7,,"Samwise, Freighter, Slice, Zit, Gavel, PrinceSS, Carnival",,1,2022,,,,,,,,,88,1,
Thursday,1/27/2022,Trauma,12,,"Trauma, PrinceSS, Slice, Paneer, Samwise, Retina, Freighter, Arson, Zit, Boogeyman, Blade, Watts",Trauma B-Day Q,1,2022,,,,,,,,,Smelt,1,
Saturday,1/29/2022,Freighter,16,,"Freighter, Paneer, Slice, Boogeyman, Gas Man, Trauma, Carnival, Rocketman, PrinceSS, Blade, Canuck, Zit, Samwise, HighTower, Ragged T'Ann, Watts",Canuck 100th Post,1,2022,,,,,,,,,Gumby,3,
Tuesday,2/1/2022,Zit,7,,"Zit, Boogeyman, Carnival, Blade, Samwise, PrinceSS, Seagal",,2,2022,,,,,,,,,Cortana,2,
Thursday,2/3/2022,Retina,12,,"Retina, Hooch, Watts, Freighter, Slice, Paneer, Samwise, Carnival, Rocketman, Gas Man, Boogeyman, Blade","Tires, Spear",2,2022,,,,,,,,,Carmen SanDiego,1,
Saturday,2/5/2022,Slice,22,2,"Slice, Carnival, Samwise, Doppler, Watts, Freighter, Paneer, Hooch, Boogyman, Tater, Hightower, Ragged Tâ€™Ann, Stinger (FNG), Lilo, Halitosis, Zit, Pigskin, Revere (FNG), Huckleberry, Rocketman, Blade, Canuck.",Stinger (FNG),2,2022,,,,,,,,,Vin Diesel,1,
Tuesday,2/8/2022,Retina,8,,"Retina, Canuck, Freighter, Blade, Arson, Stinger, Gas Man, Samwise",,2,2022,,,,,,,,,Tacklebox,2,
Thursday,2/10/2022,Samwise,8,,"Samwise, Freighter, Paneer, Blade, Watts, BumpHer, Gavel, Gas Man",,2,2022,,,,,,,,,Clooney,1,
Saturday,2/12/2022,Blade,19,1,"Blade, Watts, Slice, Carnival, Grout, Hooch, Gopher, Retina, Hightower, Zit, Canuck, Ragged T'ann, Lilo, Freighter, Arson, Tater, Rocketman, Stinger, Classified",FNG Classified (Charlie Siko),2,2022,,,,,,,,,Piggy Bank,1,
Tuesday,2/15/2022,Arson,10,,"Arson, Blade, Boogeyman, Gas Man, Freighter, Stinger, Slice, Retina, Old Spice, Watts",,2,2022,,,,,,,,,E.M.P.,1,
Thursday,2/17/2022,Zit,11,,"Zit, Arson, Boogeyman, Canuck, Focker, Freighter, Gas Man, Slice, Paneer, Watts, Stinger",,2,2022,,,,,,,,,Backslash,1,
Saturday,2/19/2022,Flea Fly,25,,"Slice, Hooch, Gas Man, Stitches, Rocketman, Classified, Hightower, Blade, Old Spice, Samwise, Gavel, Zit, Paneer, Canuck, Huckleberry, Watts, Halitosis, Tater, Grout, Freighter, Norsk, Aarson, Stinger, Focker, Flea Fly",,2,2022,,,,,,,,,Fanny Pack,1,
Tuesday,2/22/2022,Retina,8,,"Stinger, Zit, Slice, Grout, Blade, Rocketman, Gas Man, Retina",,2,2022,,,,,,,,,Tugboat,1,
Thursday,2/24/2022,Blade,5,,"Gas Man, Slice, Freighter, Paneer, Blade",,2,2022,,,,,,,,,Fairweather,1,
Saturday,2/26/2022,"Big Sky, Tater",21,0,"Big Sky, Tater, Paneer, Rocket Man, Slice, Blade, Freighter, Carnival, Norsk, Hooch, Watts, Grout, Gas Man, Classified, Stinger, Scalp, Revere, Arson, Hightower, Zit, Canuck",,2,2022,,,,,,,,,Kremlin,4,
Tuesday,3/1/2022,"Stinger, Blade",12,0,"Stinger, Blade, Canuck, Boogeyman, Rocketman, Zit, Carnival, Slice, Crunch, Watts, Freighter, Retina",,3,2022,,,,,,,,,Puff,2,
Thursday,3/3/2022,Zit,5,0,"Zit, Boogeyman, Grout, Watts, Rocketman",,3,2022,,,,,,,,,Rudy,6,
Saturday,3/5/2022,Lilo,24,1,"Lilo, Tater, Slice, High Tower, Doppler, Gopher, Paneer, Watts, Big Sky, Murse, Cycle Bar, Huckleberry, Retina, Zit, Carnival, Seagal, Norsk, Gas Man, Revere, Daft, Rocketman, Chlorine, Daft, Stewie (FNG)",Stewie,3,2022,,,,,,,,,Flo,5,
Tuesday,3/8/2022,Retina,12,,"Retina, Blade, Grout, Tater, Metamucil, Stinger, Seeker, Flea Fly, Focker, Canuck, Hooch, Gas Man",,3,2022,,,,,,,,,Chlorine,2,
Thursday,3/10/22,Gas Man,7,,"Gas Man, Blade, Grout, Focker, Zit, Rocketman, Ramsay",,3,2022,,,,,,,,,Icy Hot,1,
Saturday,3/12/22,Carnival,30,2,"Carnival, Freighter, Doppler, Zit, Canuck, Stinger, Cheapskate (FNG), Slice, Flea Fly, Hooch, Samwise, Hightower, Retina, Classified, Paneer, Focker, Ragged T'ann, Rocketman, Blade, Seeker, Lilo, Huckleberry, Revere, Watts, Norsk, Chunks, EPA, Lawsuit (FNG), Ramsay, Scalp","FNGs Cheapskate, Lawsuit",3,2022,,,,,,,,,Copycat,2,
Tuesday,3/15/22,Wax Off,9,,"Hooch, Zit, Blade, Freighter, Boogeyman, EPA, Flea Fly, Stinger, Wax Off",,3,2022,,,,,,,,,Kilo,1,
Thursday,3/17/22,Zit,9,,"Zit, Blade, Freighter, Paneer, Rocketman, Samwise, Shrink, Slice, Watts",,3,2022,,,,,,,,,Bypass,1,
Saturday,3/19/22,Watts (VQ),25,,"Watts, Grout, Halitosis, Paneer, Freighter, Gas Mas, Gopher, Cheapskate, Samwise, Tater, Chunks, Pele, Stinger, Flea Fly, Old Spice, EPA, Doppler, Fabulous, Canuck, Ragged T'Ann, Blade, Huckleberry, Yankee FNG, Lawsuit, Boogeyman",,3,2022,,,,,,,,,Stonecold,2,
Tuesday,3/22/22,Crunch,9,,"Crunch, Freighter, PrinceSS, Boogeyman, Retina, Stinger, Samwise, Juice, Paneer",,3,2022,,,,,,,,,Peta,1,
Thursday,3/24/22,Watts,7,,"Watts, Rocketman, Gas Man, Ramsay, Hooch, Samwise, PrinceSS",,3,2022,,,,,,,,,Pigeon,5,
Saturday,3/26/22,"Gopher, Doppler",16,1,"Gopher, Doppler, Grout, Blade, PrinceSS, Ramsay, Classified, Lawsuit, Hooch, Freighter, Daft, Gas Man, Samwise, Paneer, Scrooge (FNG), Yankee",,3,2022,,,,,,,,,Napoleon,1,
Tuesday,3/29/22,Freighter,11,,"Freighter, Slice, PrinceSS, Hooch, EPA, Samwise, Arson, Stinger, Zit, Crunch, Boogeyman",,3,2022,,,,,,,,,,,
Thursday,3/31/22,Retina,9,,"Retina, Stinger, Watts, Boogeyman, Gas Man, Samwise, Slice, Freigher, PrinceSS",,3,2022,,,,,,,,,,,
Saturday,4/2/22,"Arson, Freigher, Blade",18,3,"Arson, Freighter, Blade, Slice, Lawsuit, Samwise, Hooch, Watts, Classified, PrinceSS, Gas Man, Canuck, Paneer, Yankee, Scrooge, Silo (FNG), Bruin (FNG), Wizard (FNG)",,4,2022,,,,,,,,,,,
Tuesday,4/5/22,PrinceSS,8,,"PrinceSS, Ramsay, Samwise, Trauma, Freighter, Daft, Zit, Hooch",,4,2022,,,,,,,,,,,
Thursday,4/7/22,Samwise,8,,"Samwise, Freighter, Focker, Watts, BumpHer, Trauma, Ramsay, Stinger",,4,2022,,,,,,,,,,,
Saturday,4/9/22,Blade,21,1,"Blade, Boogeyman, Freighter, Daft, Focker, Yankee, Norsk, Seagal, Halitosis, Classified, Scalp, Flea Fly, Retina, Hacksaw (FNG), Canuck, Scrooge, Rocketman, Samwise, Watts, Hooch, Ramsay",FNG Hacksaw,4,2022,,,,,,,,,,,
Tuesday,4/12/22,Gas Man,12,1,"Gas Man, Flea Fly, Bruno (FNG), Focker, Freighter, Samwise, Watts, Ramsay, Hooch, Slice, Stinger, Red Elephant",,4,2022,,,,,,,,,,,
Thursday,4/14/22,Focker / Rocketman,18,1,"Focker, Rocketman, Slice, Bruno, Canuck, Sand Trap, Hooch, Watts, Samwise, Trauma, Red Elephant, Donatello, Zit, Paneer, Ramsay, Freighter, Daft, Blade","Focker CoQ, Donatello FNG",4,2022,,,,,,,,,,,
Saturday,4/16/22,Canuck / Freighter,22,,"Canuck, Freighter, Slice, EPA, Ragged T'Ann, Focker, Hacksaw, Doppler, Stinger, BumpHer, Gopher, Lawsuit, Chunks, Flea Fly, Watts, Samwise, Trauma, Red Elephant, Donatello, Paneer, Ramsay, Blade",,4,2022,,,,,,,,,,,
Tuesday,4/19/22,Zit,11,,"Bruno, Blade, Chitty Chitty, Donatello, Focker, Freighter, Ramsay, Retina, Samwise, Squid, Zit",,4,2022,,,,,,,,,,,
Thursday,4/21/22,Arson,15,,"Bruno, Donatello, Chitty Chitty, Blade, Focker, Daft, Freighter, Pigeon, Paneer, Samwise, Stinger, Retina, Watts, Wooderson, Arson",,4,2022,,,,,,,,,,,
Saturday,4/23/22,Slice,8,,"Slice, Retina, Ramsay, Wooderson, Bruno, Donatello, Lawsuit, Scalp",,4,2022,,,,,,,,,,,
Tuesday,4/26/22,Crunch,10,,"Rocketman, Bruno, Daft, Donatello, Freighter, Watts, Samwise, Gas Man, Crunch, Ramsay",,4,2022,,,,,,,,,,,
Thursday,4/28/22,Metamucil,9,,"Tater, Donatello, Sand Trap, Hooch, Bruno, Retina, Focker, Blade, Metamucil",,4,2022,,,,,,,,,,,
Saturday,4/30/22,Halitosis,3,,"Halitosis, Yankee, Lawsuit",Thanks for Halitosis for keeping the flags planted,4,2022,,,,,,,,,,,
Tuesday,5/3/22,Retina,15,,"Samwise, Watts, Rocketman, Bruno, Blade, Ramsay, Gas Man, Focker, Sand Trap, Freighter, Slice, Donatello, Wooderson, Hooch, Retina",,5,2022,,,,,,,,,,,
Thursday,5/5/22,Slice,27,,"Slice, Arson, Rocketman, Canuck, Wooderson, Sand Trap, Stinger, Freighter, Paneer, Flea Fly, Doppler, Hooch, Lilo, Gopher, Donatello, Tbone, Huckleberry, Zit, Bruno, Watts, Ramsay, Focker, Norsk, Tater, Trauma, Blade, Pool Boy",,5,2022,,,,,,,,,,,
Saturday,5/7/22,Focker,18,1,"Focker, Slice, Freighter, Samwise, Bruno, Yankee, Lawsuit, Harry (FNG), Pool Boy, Wooderson, Gas Man, Rocketman, Retina, Blade, Watts, Ramsay, Sand Trap, Donatello ",,5,2022,,,,,,,,,,,
Tuesday,5/10/22,Hooch,14,,"Hooch, Freighter, Slice, Samwise, Sand Trap, Focker, retina, Wooderson, Stinger, Blade, Rocky, Old Spice, Donatello, Bruno",,5,2022,,,,,,,,,,,
Thursday,5/12/22,Samwise,13,,"Samwise, Wooderson, Freighter, Paneer, Watts, Squid, Canuck, Stinger, Papa, Focker, Donatello, Bruno, Pigeon",,5,2022,,,,,,,,,,,
Saturday,5/14/22,Retina,9,,"Retina, Wooderson, Paneer, Samwise, Donatello, Bruno, Lawsuit, Blade, Gas Man",,5,2022,,,,,,,,,,,
Tuesday,5/17/22,Wooderson,18,2,"Wooderson, Ramsay, Samwise, Bruno, Rocky, Blade, Canuck, Focker, Freighter, Slice, Retina, Stinger, Papa, 88, Zit, Tater, Smelt, Gumby",,5,2022,,,,,,,,,,,
Thursday,5/19/22,Focker,6,,"Focker, Blade, Watts, Hooch, Retina, Bruno",,5,2022,,,,,,,,,,,
Saturday,5/21/22,Huckleberry,6,0,"Lilo, Rocketman, Blade, Samwise, Bruno, Huckleberry",,5,2022,,,,,,,,,,,
Tuesday,5/24/2022,Crunch,10,0,"Crunch, Retina, Hooch, Freighter, Wooderson, Focker, Bruno, Blade, Gas Man, Sand Trap",,5,2022,,,,,,,,,,,
Thursday,5/26/22,Gopher,18,,"Gopher, Hooch, Gas Man, Tater, Doppler, Arson, Bruno, Donatello, Stinger, Focker, Wooderson, Blade, Rocketman, Retina, Canuck, Watts, Freighter, Metamucil",,5,2022,,,,,,,,,,,
Saturday,5/28/22,Retina,8,,"Yankee, Donatello, Freighter, Paneer, Rocketman, Wooderson, Sand Trap, Retina",,5,2022,,,,,,,,,,,
Tuesday,5/31/22,Wooderson,9,,"Wooderson, Focker, Donatello, Bruno, Blade, Rocketman, Red Elephant, Hooch, Retina",,5,2022,,,,,,,,,,,
Thursday,6/2/22,Gas Man,12,,"Blade, Donatello, Metamucil, Tater, Freighter, Focker, Retina, Ramsay, Red Elephant, Wooderson, Bruno, Gas Man",,6,2022,,,,,,,,,,,
Saturday,6/4/22,Retina,15,1,"Gas Man, Bruno, Wooderson, Lawsuit, Doppler, Rocketman, Bacon, Blade, Paneer, Donatello, Freighter, Watts, Samwise, Yankee, Retina",,6,2022,,,,,,,,,,,
Tuesday,6/7/22,Rocketman,7,,"Rocketman, Slice, Retina, Hooch, Watts, Gas Man, Bruno",,6,2022,,,,,,,,,,,
Thursday,6/9/22,Halitosis,7,,"Stinger, Doppler, Bruno, Donatello, Hooch, Gas Man, Halitosis",,6,2022,,,,,,,,,,,
Saturday,6/11/22,Sand Trap,9,,"Sand Trap, Donatello, Bruno, Rocketman, Halitosis, Ramsay, Lawsuit, BumpHer, Cortana",,6,2022,,,,,,,,,,,
Tuesday,6/14/22,Hooch,5,,"Hooch, Ramsay, Wooderson, Donatello, Bruno",,6,2022,,,,,,,,,,,
Thursday,6/16/2022,Hooch,6,,"Hooch, Freighter, Zit, Donatello, Wooderson, BumpHer",,6,2022,,,,,,,,,,,
Saturday,6/18/22,Wooderson,12,,"Paneer, Rocketman, Arson, Freighter, Carmen SanDiego, Classified, Blade, Samwise, Gas Man, BumpHer, Scalp, Wooderson",,6,2022,,,,,,,,,,,
Tuesday,6/21/22,Focker,12,,"Focker, Blade, Bruno, Gopher, Vin Diesel (FNG) Hooch, Sand Trap, Bumpher, Freighter, Arson, Stinger, Donatello",,6,2022,,,,,,,,,,,
Thursday,6/23/22,Slice,10,,"Slice, Rocketman, Paneer, Bruno, Blade, Retina, Freighter, Bumpher, Stinger, Watts",,6,2022,,,,,,,,,,,
Saturday,6/25/22,Bumpher,14,1,"Paneer, Freighter, Slice, Blade, Daft, Zit, Rocketman, Halitosis, Retina, Bacon, Wooderson, Sand Trap, Chubbs (FNG), Bumpher",Chubbs FNG,6,2022,,,,,,,,,,,
Tuesday,6/28/22,Zit,14,2,"Zit, Blade, Canuck, Chubbs, Freighter, Gas Man, Gumby, Hooch, Stinger, Retina, Rocketman, Wooderson, Tacklebox, Clooney",,6,2022,,,,,,,,,,,
Thursday,6/30/22,Zit,18,1,"Zit, Arson, Bacon, Blade, Bruno, Chubbs, Bumpher, Freighter, Slice, Wooderson, Gas Man, Rocketman, Yardstick, Retina, Hooch, Sand Trap, Stinger, Piggy Bank (FNG)",Piggy Bank (FNG),6,2022,,,,,,,,,,,
Saturday,7/2/22,"Tater, Wooderson, Blade",35,1,"Tater, Blade, Wooderson, Freighter, Carnival, Hooch, Repo, Bacon, Pool Boy, Escobar, Gas Man, Chubbs, Stitches, Rocketman, Hacksaw, Old Spice, Norsk, Sand Trap, Backslash, Gopher, Slice, Doppler, Daft, Samwise, Chunks, Chlorine, Cortana, Donatello, Yankee, Halitosis, Huckleberry, Stinger, E.M.P., Paneer, Arson",,7,2022,,,,,,,,,,,
Tuesday,7/5/22,Blade,6,0,"Blade, Rocketman, Hooch, Yardstick, Red Elephant, Donatello",,7,2022,,,,,,,,,,,
Thursday,7/7/22,Crunch,11,,"Crunch, Freighter, Rocketman, Donatello, Wooderson, Bruno, Daft, Blade, Sand Trap, BumpHer, Yardstick",,7,2022,,,,,,,,,,,
Saturday,7/9/22,Rocketman,14,,"Rocketman, Donatello, Red Elephant, Wooderson, Chubbs, Arson, Zit, Freighter, Yardstick, Paneer, Blade, Bacon, Slice, Bumpher",,7,2022,,,,,,,,,,,
Tuesday,7/12/22,Slice,11,,"Slice, Rocketman, Bruno, Retina, Freighter, Hooch, Focker, Donatello, Chubbs, Sand Trap, Blade",,7,2022,,,,,,,,,,,
Thursday,7/14/22,Fanny Pack,14,,"Fanny Pack, Paneer, Retina, Watts, Focker, Hooch, Chubbs, Bruno, Blade, Wooderson, Yardstick, Freighter, Slice, Rocketman",,7,2022,,,,,,,,,,,
Saturday,7/16/22,Stitches,11,,"Stitches, Paneer, BumpHer, Retina, Scalp, Yardstick, Lawsuit, Wooderson, Samwise, Gas Man, Tugboat",,7,2022,,,,,,,,,,,
Tuesday,7/19/22,Gas Man,14,,"Gas Man, Chubbs, Freighter, Wooderson, Sand Trap, Bruno, Squid, BumpHer, Yardstick, Kremlin, Fairweather, Tacklebox, Stinger, Hooch",,7,2022,,,,,,,,,,,
Thursday,7/21/22,"Chubbs, Zit",15,1,"Chubbs, Zit, Retina, Gumby, Watts, Bruno, Blade, Freighter, Sand Trap, Wooderson, Paneer, Bumpher, Focker, Scalp, Rudy",Rudy (FNG),7,2022,,,,,,,,,,,
Saturday,7/23/22,Wooderson,7,,"Wooderson, Lawsuit, Halitosis, Donatello, Rudy, Bumpher, Bruno",,7,2022,,,,,,,,,,,
Tuesday,7/26/22,Zit,6,,"Zit, Retina, Chubbs, Bruno, Flea Fly, Donatello",,7,2022,,,,,,,,,,,
Thursday,7/28/22,Retina,14,,"Retina, Donatello, Stinger, Paneer, Slice, Rudy, Hooch, Watts, Sand Trap, Chubbs, Bruno, Bumpher, Zit, Grout",,7,2022,,,,,,,,,,,
Saturday,7/30/22,Samwise,15,1,"Samwise, Tater, Hooch, Watts, Puff (FNG), Paneer, Slice, Bruno, Donatello, Blade, Retina, Kremlin, Grout, Huckleberry, Lawsuit",Puff (FNG),7,2022,,,,,,,,,,,
Tuesday,8/2/22,Focker,13,,"Chubbs, Hooch, Focker, Gas Man, Freighter, Daft, Bruno, Sand Trap, Kremlin, Grout, Donatello, Yardstick, Squid",,8,2022,,,,,,,,,,,
Thursday,8/4/22,Lilo,15,1,"Bruno, Watts, Huckleberry, Rudy, Pigeon, Grout, BumpHer, Yardstick, Sand Trap, Hooch, Gas Man, Flo, Lilo, Chubbs, Donatello",Flo (FNG),8,2022,,,,,,,,,,,
Saturday,8/6/22,Lilo,15,,"Lilo, Bruno, Donatello, Slice, BumpHer, Freighter, Scalp, Samwise, Chubbs, Watts, Daft, Flea Fly, Blade, Gas Man, Rudy",,8,2022,,,,,,,,,,,
Tuesday,8/9/22,Focker,18,,"Flo, Canuck, Icy Hot, Sand Trap, Slice, Bumpher, Daft, Samwise, Hooch, Gas Man, Ramsay, Stinger, Chubbs, Bruno, Freighter, Wooderson, Focker, Copycat (FNG)",Copycat (FNG),8,2022,,,,,,,,,,,
Thursday,8/11/22,Sand Trap,15,,"Sand Trap, Hooch, Watts, Daft, Samwise, Grout, Flo, Gas Man, Focker, Freighter, Chubbs, Wooderson, Pigeon, Bruno, Copycat",,8,2022,,,,,,,,,,,
Saturday,8/13/22,Tater,14,,"Tater, Retina, Doppler, Grout, Bruno, Bypass, Gas Man, Lilo, Watts, Samwise, Kilo, Halitosis, Daft, Chubbs",,8,2022,,,,,,,,,,,
Tuesday,8/16/22,Watts,15,,"Wooderson, Hooch, Daft, Gas Man, Bruno, Yardstick, Chubbs, Stinger, Stonecold, Huckleberry, Canuck, Freighter, Flo, Puff, Watts",,8,2022,,,,,,,,,,,
Thursday,8/18/22,Gas Man,15,,"Gas Man, Chubbs, Freighter, Daft, Flo, Stinger, Stonecold, Donatello, Huckleberry, Watts, Peta, Bruno, Rudy, Yardstick, Wooderson",,8,2022,,,,,,,,,,,
Saturday,8/20/22,Slice / Flea Fly,6,,"Slice, Flea Fly, Daft, Bacon, Focker, Lawsuit",,8,2022,,,,,,,,,,,
Tuesday,8/23/22,Rocketman,15,,"Rocketman, Blade, Wooderson, Freighter, Hooch, Slice, Stinger, Gas Man, Kremlin, Daft, Bruno, Napoleon, Retina, Samwise, Chubbs",,8,2022,,,,,,,,,,,
Thursday,8/25/22,,,,,,8,2022,,,,,,,,,,,
Saturday,8/27/22,,,,,,8,2022,,,,,,,,,,,
Tuesday,8/30/22,,,,,2896,8,2022,,,,,,,,,,,
Thursday,9/1/22,,,,,,9,2022,,,,,,,,,,,
Saturday,9/3/22,,,,,,9,2022,,,,,,,,,,,
Tuesday,9/6/22,,,,,,9,2022,,,,,,,,,,,
Thursday,9/8/22,,,,,,9,2022,,,,,,,,,,,
Saturday,9/10/22,,,,,,9,2022,,,,,,,,,,,
Tuesday,9/13/22,,,,,,9,2022,,,,,,,,,,,
Thursday,9/15/22,,,,,,9,2022,,,,,,,,,,,
Saturday,9/17/22,,,,,,9,2022,,,,,,,,,,,
Tuesday,9/20/22,,,,,,9,2022,,,,,,,,,,,
Thursday,9/22/22,,,,,,9,2022,,,,,,,,,,,
Saturday,9/24/22,,,,,,9,2022,,,,,,,,,,,
Tuesday,9/27/22,,,,,,9,2022,,,,,,,,,,,
Thursday,9/29/22,,,,,,9,2022,,,,,,,,,,,
Saturday,10/1/22,,,,,,10,2022,,,,,,,,,,,
Tuesday,10/4/22,,,,,,10,2022,,,,,,,,,,,
Thursday,10/6/22,,,,,,10,2022,,,,,,,,,,,
Saturday,10/8/22,,,,,,10,2022,,,,,,,,,,,
Tuesday,10/11/22,,,,,,10,2022,,,,,,,,,,,
Thursday,10/13/22,,,,,,10,2022,,,,,,,,,,,
Saturday,10/15/22,,,,,,10,2022,,,,,,,,,,,
Tuesday,10/18/22,,,,,,10,2022,,,,,,,,,,,
Thursday,10/20/22,,,,,,10,2022,,,,,,,,,,,
Saturday,10/22/22,,,,,,10,2022,,,,,,,,,,,
Tuesday,10/25/22,,,,,,10,2022,,,,,,,,,,,
Thursday,10/27/22,,,,,,10,2022,,,,,,,,,,,
Saturday,10/29/22,,,,,,10,2022,,,,,,,,,,,
Tuesday,11/1/22,,,,,,11,2022,,,,,,,,,,,
Thursday,11/3/22,,,,,,11,2022,,,,,,,,,,,
Saturday,11/5/22,,,,,,11,2022,,,,,,,,,,,
Tuesday,11/8/22,,,,,,11,2022,,,,,,,,,,,
Thursday,11/10/22,,,,,,11,2022,,,,,,,,,,,
Saturday,11/12/22,,,,,,11,2022,,,,,,,,,,,
Tuesday,11/15/22,,,,,,11,2022,,,,,,,,,,,
Thursday,11/17/22,,,,,,11,2022,,,,,,,,,,,
Saturday,11/19/22,,,,,,11,2022,,,,,,,,,,,
Tuesday,11/22/22,,,,,,11,2022,,,,,,,,,,,
Thursday,11/24/22,,,,,,11,2022,,,,,,,,,,,
Saturday,11/26/22,,,,,,11,2022,,,,,,,,,,,
Tuesday,11/29/22,,,,,,11,2022,,,,,,,,,,,
Thursday,12/1/22,,,,,,12,2022,,,,,,,,,,,
Saturday,12/3/22,,,,,,12,2022,,,,,,,,,,,
Tuesday,12/6/22,,,,,,12,2022,,,,,,,,,,,
Thursday,12/8/22,,,,,,12,2022,,,,,,,,,,,
Saturday,12/10/22,,,,,,12,2022,,,,,,,,,,,
Tuesday,12/13/22,,,,,,12,2022,,,,,,,,,,,
Thursday,12/15/22,,,,,,12,2022,,,,,,,,,,,
Saturday,12/17/22,,,,,,12,2022,,,,,,,,,,,
Tuesday,12/20/22,,,,,,12,2022,,,,,,,,,,,
Thursday,12/22/22,,,,,,12,2022,,,,,,,,,,,
Saturday,12/24/22,,,,,,12,2022,,,,,,,,,,,
Tuesday,12/27/22,,,,,,12,2022,,,,,,,,,,,
Thursday,12/29/22,,,,,,12,2022,,,,,,,,,,,
Saturday,12/31/22,,,,,,12,2022,,,,,,,,,,,